edgeID,hour,vehicles
47528,MIDNIGHT,16
47528,ONEAM,6
47528,TWOAM,5
47528,THREEAM,5
47528,FOURAM,18
47528,FIVEAM,94
47528,SIXAM,255
47528,SEVENAM,687
47528,EIGHTAM,1130
47528,NINEAM,733
47528,TENAM,634
47528,ELEVENAM,636
47528,NOON,616
47528,ONEPM,593
47528,TWOPM,628
47528,THREEPM,836
47528,FOURPM,901
47528,FIVEPM,1018
47528,SIXPM,765
47528,SEVENPM,492
47528,EIGHTPM,306
47528,NINEPM,202
47528,TENPM,147
47528,ELEVENPM,76
59425,MIDNIGHT,9
59425,ONEAM,3
59425,TWOAM,3
59425,THREEAM,3
59425,FOURAM,10
59425,FIVEAM,54
59425,SIXAM,146
59425,SEVENAM,395
59425,EIGHTAM,650
59425,NINEAM,422
59425,TENAM,364
59425,ELEVENAM,366
59425,NOON,354
59425,ONEPM,341
59425,TWOPM,361
59425,THREEPM,481
59425,FOURPM,518
59425,FIVEPM,585
59425,SIXPM,440
59425,SEVENPM,283
59425,EIGHTPM,176
59425,NINEPM,116
59425,TENPM,84
59425,ELEVENPM,44
71095,MIDNIGHT,64
71095,ONEAM,25
71095,TWOAM,21
71095,THREEAM,21
71095,FOURAM,73
71095,FIVEAM,374
71095,SIXAM,1016
71095,SEVENAM,2738
71095,EIGHTAM,4504
71095,NINEAM,2924
71095,TENAM,2527
71095,ELEVENAM,2536
71095,NOON,2454
71095,ONEPM,2364
71095,TWOPM,2502
71095,THREEPM,3333
71095,FOURPM,3591
71095,FIVEPM,4056
71095,SIXPM,3049
71095,SEVENPM,1963
71095,EIGHTPM,1223
71095,NINEPM,805
71095,TENPM,585
71095,ELEVENPM,305
79227,MIDNIGHT,10
79227,ONEAM,4
79227,TWOAM,3
79227,THREEAM,3
79227,FOURAM,11
79227,FIVEAM,59
79227,SIXAM,160
79227,SEVENAM,432
79227,EIGHTAM,710
79227,NINEAM,461
79227,TENAM,398
79227,ELEVENAM,400
79227,NOON,387
79227,ONEPM,373
79227,TWOPM,394
79227,THREEPM,525
79227,FOURPM,566
79227,FIVEPM,640
79227,SIXPM,481
79227,SEVENPM,309
79227,EIGHTPM,192
79227,NINEPM,127
79227,TENPM,92
79227,ELEVENPM,48
78868,MIDNIGHT,46
78868,ONEAM,18
78868,TWOAM,15
78868,THREEAM,15
78868,FOURAM,52
78868,FIVEAM,268
78868,SIXAM,727
78868,SEVENAM,1961
78868,EIGHTAM,3225
78868,NINEAM,2093
78868,TENAM,1809
78868,ELEVENAM,1816
78868,NOON,1757
78868,ONEPM,1692
78868,TWOPM,1791
78868,THREEPM,2386
78868,FOURPM,2571
78868,FIVEPM,2904
78868,SIXPM,2183
78868,SEVENPM,1406
78868,EIGHTPM,875
78868,NINEPM,576
78868,TENPM,419
78868,ELEVENPM,218
79103,MIDNIGHT,46
79103,ONEAM,18
79103,TWOAM,15
79103,THREEAM,15
79103,FOURAM,52
79103,FIVEAM,268
79103,SIXAM,727
79103,SEVENAM,1961
79103,EIGHTAM,3225
79103,NINEAM,2093
79103,TENAM,1810
79103,ELEVENAM,1816
79103,NOON,1757
79103,ONEPM,1692
79103,TWOPM,1791
79103,THREEPM,2386
79103,FOURPM,2571
79103,FIVEPM,2904
79103,SIXPM,2183
79103,SEVENPM,1406
79103,EIGHTPM,875
79103,NINEPM,576
79103,TENPM,419
79103,ELEVENPM,218
64522,MIDNIGHT,22
64522,ONEAM,8
64522,TWOAM,7
64522,THREEAM,7
64522,FOURAM,25
64522,FIVEAM,129
64522,SIXAM,352
64522,SEVENAM,948
64522,EIGHTAM,1560
64522,NINEAM,1013
64522,TENAM,875
64522,ELEVENAM,878
64522,NOON,850
64522,ONEPM,819
64522,TWOPM,866
64522,THREEPM,1154
64522,FOURPM,1244
64522,FIVEPM,1405
64522,SIXPM,1056
64522,SEVENPM,680
64522,EIGHTPM,423
64522,NINEPM,278
64522,TENPM,202
64522,ELEVENPM,105
67418,MIDNIGHT,35
67418,ONEAM,14
67418,TWOAM,11
67418,THREEAM,11
67418,FOURAM,40
67418,FIVEAM,207
67418,SIXAM,561
67418,SEVENAM,1513
67418,EIGHTAM,2489
67418,NINEAM,1616
67418,TENAM,1397
67418,ELEVENAM,1401
67418,NOON,1356
67418,ONEPM,1306
67418,TWOPM,1382
67418,THREEPM,1842
67418,FOURPM,1985
67418,FIVEPM,2242
67418,SIXPM,1685
67418,SEVENPM,1085
67418,EIGHTPM,676
67418,NINEPM,445
67418,TENPM,323
67418,ELEVENPM,169
71430,MIDNIGHT,8
71430,ONEAM,3
71430,TWOAM,2
71430,THREEAM,2
71430,FOURAM,9
71430,FIVEAM,47
71430,SIXAM,127
71430,SEVENAM,344
71430,EIGHTAM,566
71430,NINEAM,367
71430,TENAM,317
71430,ELEVENAM,318
71430,NOON,308
71430,ONEPM,297
71430,TWOPM,314
71430,THREEPM,419
71430,FOURPM,451
71430,FIVEPM,510
71430,SIXPM,383
71430,SEVENPM,246
71430,EIGHTPM,153
71430,NINEPM,101
71430,TENPM,73
71430,ELEVENPM,38
64130,MIDNIGHT,22
64130,ONEAM,8
64130,TWOAM,7
64130,THREEAM,7
64130,FOURAM,25
64130,FIVEAM,129
64130,SIXAM,352
64130,SEVENAM,949
64130,EIGHTAM,1560
64130,NINEAM,1013
64130,TENAM,875
64130,ELEVENAM,878
64130,NOON,850
64130,ONEPM,819
64130,TWOPM,866
64130,THREEPM,1154
64130,FOURPM,1244
64130,FIVEPM,1405
64130,SIXPM,1056
64130,SEVENPM,680
64130,EIGHTPM,423
64130,NINEPM,279
64130,TENPM,202
64130,ELEVENPM,105
70557,MIDNIGHT,50
70557,ONEAM,20
70557,TWOAM,16
70557,THREEAM,16
70557,FOURAM,56
70557,FIVEAM,291
70557,SIXAM,789
70557,SEVENAM,2127
70557,EIGHTAM,3498
70557,NINEAM,2271
70557,TENAM,1963
70557,ELEVENAM,1970
70557,NOON,1906
70557,ONEPM,1836
70557,TWOPM,1943
70557,THREEPM,2588
70557,FOURPM,2789
70557,FIVEPM,3150
70557,SIXPM,2368
70557,SEVENPM,1525
70557,EIGHTPM,949
70557,NINEPM,625
70557,TENPM,454
70557,ELEVENPM,237
69414,MIDNIGHT,43
69414,ONEAM,17
69414,TWOAM,14
69414,THREEAM,14
69414,FOURAM,49
69414,FIVEAM,252
69414,SIXAM,685
69414,SEVENAM,1846
69414,EIGHTAM,3037
69414,NINEAM,1971
69414,TENAM,1704
69414,ELEVENAM,1710
69414,NOON,1655
69414,ONEPM,1594
69414,TWOPM,1687
69414,THREEPM,2247
69414,FOURPM,2421
69414,FIVEPM,2735
69414,SIXPM,2055
69414,SEVENPM,1324
69414,EIGHTPM,824
69414,NINEPM,543
69414,TENPM,394
69414,ELEVENPM,206
76765,MIDNIGHT,17
76765,ONEAM,7
76765,TWOAM,5
76765,THREEAM,5
76765,FOURAM,20
76765,FIVEAM,102
76765,SIXAM,278
76765,SEVENAM,749
76765,EIGHTAM,1233
76765,NINEAM,800
76765,TENAM,691
76765,ELEVENAM,694
76765,NOON,671
76765,ONEPM,647
76765,TWOPM,684
76765,THREEPM,912
76765,FOURPM,983
76765,FIVEPM,1110
76765,SIXPM,834
76765,SEVENPM,537
76765,EIGHTPM,334
76765,NINEPM,220
76765,TENPM,160
76765,ELEVENPM,83
79104,MIDNIGHT,49
79104,ONEAM,19
79104,TWOAM,16
79104,THREEAM,16
79104,FOURAM,56
79104,FIVEAM,288
79104,SIXAM,783
79104,SEVENAM,2111
79104,EIGHTAM,3472
79104,NINEAM,2254
79104,TENAM,1948
79104,ELEVENAM,1955
79104,NOON,1892
79104,ONEPM,1822
79104,TWOPM,1929
79104,THREEPM,2569
79104,FOURPM,2769
79104,FIVEPM,3127
79104,SIXPM,2350
79104,SEVENPM,1514
79104,EIGHTPM,942
79104,NINEPM,620
79104,TENPM,451
79104,ELEVENPM,235
58968,MIDNIGHT,49
58968,ONEAM,19
58968,TWOAM,16
58968,THREEAM,16
58968,FOURAM,55
58968,FIVEAM,284
58968,SIXAM,771
58968,SEVENAM,2079
58968,EIGHTAM,3419
58968,NINEAM,2219
58968,TENAM,1919
58968,ELEVENAM,1925
58968,NOON,1863
58968,ONEPM,1794
58968,TWOPM,1899
58968,THREEPM,2530
58968,FOURPM,2726
58968,FIVEPM,3079
58968,SIXPM,2314
58968,SEVENPM,1490
58968,EIGHTPM,928
58968,NINEPM,611
58968,TENPM,444
58968,ELEVENPM,232
70558,MIDNIGHT,54
70558,ONEAM,21
70558,TWOAM,18
70558,THREEAM,18
70558,FOURAM,61
70558,FIVEAM,313
70558,SIXAM,850
70558,SEVENAM,2290
70558,EIGHTAM,3767
70558,NINEAM,2445
70558,TENAM,2114
70558,ELEVENAM,2121
70558,NOON,2053
70558,ONEPM,1977
70558,TWOPM,2092
70558,THREEPM,2787
70558,FOURPM,3003
70558,FIVEPM,3392
70558,SIXPM,2550
70558,SEVENPM,1642
70558,EIGHTPM,1022
70558,NINEPM,673
70558,TENPM,489
70558,ELEVENPM,255
60574,MIDNIGHT,6
60574,ONEAM,2
60574,TWOAM,2
60574,THREEAM,2
60574,FOURAM,7
60574,FIVEAM,38
60574,SIXAM,103
60574,SEVENAM,278
60574,EIGHTAM,457
60574,NINEAM,296
60574,TENAM,256
60574,ELEVENAM,257
60574,NOON,249
60574,ONEPM,240
60574,TWOPM,254
60574,THREEPM,338
60574,FOURPM,364
60574,FIVEPM,412
60574,SIXPM,309
60574,SEVENPM,199
60574,EIGHTPM,124
60574,NINEPM,81
60574,TENPM,59
60574,ELEVENPM,31
59426,MIDNIGHT,12
59426,ONEAM,4
59426,TWOAM,4
59426,THREEAM,4
59426,FOURAM,13
59426,FIVEAM,71
59426,SIXAM,193
59426,SEVENAM,522
59426,EIGHTAM,859
59426,NINEAM,557
59426,TENAM,482
59426,ELEVENAM,483
59426,NOON,468
59426,ONEPM,451
59426,TWOPM,477
59426,THREEPM,635
59426,FOURPM,685
59426,FIVEPM,773
59426,SIXPM,581
59426,SEVENPM,374
59426,EIGHTPM,233
59426,NINEPM,153
59426,TENPM,111
59426,ELEVENPM,58
80522,MIDNIGHT,31
80522,ONEAM,12
80522,TWOAM,10
80522,THREEAM,10
80522,FOURAM,35
80522,FIVEAM,182
80522,SIXAM,496
80522,SEVENAM,1336
80522,EIGHTAM,2198
80522,NINEAM,1427
80522,TENAM,1233
80522,ELEVENAM,1238
80522,NOON,1198
80522,ONEPM,1154
80522,TWOPM,1221
80522,THREEPM,1627
80522,FOURPM,1753
80522,FIVEPM,1980
80522,SIXPM,1488
80522,SEVENPM,958
80522,EIGHTPM,597
80522,NINEPM,393
80522,TENPM,285
80522,ELEVENPM,149
69291,MIDNIGHT,2
69291,ONEAM,0
69291,TWOAM,0
69291,THREEAM,0
69291,FOURAM,2
69291,FIVEAM,13
69291,SIXAM,36
69291,SEVENAM,98
69291,EIGHTAM,161
69291,NINEAM,104
69291,TENAM,90
69291,ELEVENAM,90
69291,NOON,88
69291,ONEPM,84
69291,TWOPM,89
69291,THREEPM,119
69291,FOURPM,128
69291,FIVEPM,145
69291,SIXPM,109
69291,SEVENPM,70
69291,EIGHTPM,43
69291,NINEPM,28
69291,TENPM,20
69291,ELEVENPM,10
65865,MIDNIGHT,47
65865,ONEAM,18
65865,TWOAM,15
65865,THREEAM,15
65865,FOURAM,53
65865,FIVEAM,274
65865,SIXAM,743
65865,SEVENAM,2003
65865,EIGHTAM,3294
65865,NINEAM,2138
65865,TENAM,1848
65865,ELEVENAM,1855
65865,NOON,1795
65865,ONEPM,1729
65865,TWOPM,1829
65865,THREEPM,2437
65865,FOURPM,2626
65865,FIVEPM,2966
65865,SIXPM,2229
65865,SEVENPM,1436
65865,EIGHTPM,894
65865,NINEPM,588
65865,TENPM,428
65865,ELEVENPM,223
65864,MIDNIGHT,50
65864,ONEAM,20
65864,TWOAM,16
65864,THREEAM,16
65864,FOURAM,56
65864,FIVEAM,290
65864,SIXAM,787
65864,SEVENAM,2122
65864,EIGHTAM,3490
65864,NINEAM,2265
65864,TENAM,1958
65864,ELEVENAM,1965
65864,NOON,1901
65864,ONEPM,1831
65864,TWOPM,1938
65864,THREEPM,2582
65864,FOURPM,2782
65864,FIVEPM,3143
65864,SIXPM,2362
65864,SEVENPM,1521
65864,EIGHTPM,947
65864,NINEPM,623
65864,TENPM,453
65864,ELEVENPM,236
79226,MIDNIGHT,16
79226,ONEAM,6
79226,TWOAM,5
79226,THREEAM,5
79226,FOURAM,18
79226,FIVEAM,94
79226,SIXAM,256
79226,SEVENAM,690
79226,EIGHTAM,1136
79226,NINEAM,737
79226,TENAM,637
79226,ELEVENAM,639
79226,NOON,619
79226,ONEPM,596
79226,TWOPM,631
79226,THREEPM,840
79226,FOURPM,905
79226,FIVEPM,1023
79226,SIXPM,769
79226,SEVENPM,495
79226,EIGHTPM,308
79226,NINEPM,203
79226,TENPM,147
79226,ELEVENPM,77
80523,MIDNIGHT,21
80523,ONEAM,8
80523,TWOAM,7
80523,THREEAM,7
80523,FOURAM,24
80523,FIVEAM,127
80523,SIXAM,345
80523,SEVENAM,932
80523,EIGHTAM,1533
80523,NINEAM,995
80523,TENAM,860
80523,ELEVENAM,863
80523,NOON,835
80523,ONEPM,804
80523,TWOPM,851
80523,THREEPM,1134
80523,FOURPM,1222
80523,FIVEPM,1380
80523,SIXPM,1037
80523,SEVENPM,668
80523,EIGHTPM,416
80523,NINEPM,274
80523,TENPM,199
80523,ELEVENPM,104
60136,MIDNIGHT,55
60136,ONEAM,22
60136,TWOAM,18
60136,THREEAM,18
60136,FOURAM,62
60136,FIVEAM,322
60136,SIXAM,874
60136,SEVENAM,2355
60136,EIGHTAM,3874
60136,NINEAM,2515
60136,TENAM,2174
60136,ELEVENAM,2181
60136,NOON,2111
60136,ONEPM,2033
60136,TWOPM,2152
60136,THREEPM,2867
60136,FOURPM,3089
60136,FIVEPM,3489
60136,SIXPM,2622
60136,SEVENPM,1689
60136,EIGHTPM,1052
60136,NINEPM,692
60136,TENPM,503
60136,ELEVENPM,263
48573,MIDNIGHT,47
48573,ONEAM,18
48573,TWOAM,15
48573,THREEAM,15
48573,FOURAM,53
48573,FIVEAM,273
48573,SIXAM,741
48573,SEVENAM,1999
48573,EIGHTAM,3287
48573,NINEAM,2134
48573,TENAM,1845
48573,ELEVENAM,1851
48573,NOON,1791
48573,ONEPM,1725
48573,TWOPM,1826
48573,THREEPM,2432
48573,FOURPM,2621
48573,FIVEPM,2960
48573,SIXPM,2225
48573,SEVENPM,1433
48573,EIGHTPM,892
48573,NINEPM,587
48573,TENPM,427
48573,ELEVENPM,223
52808,MIDNIGHT,27
52808,ONEAM,11
52808,TWOAM,9
52808,THREEAM,9
52808,FOURAM,31
52808,FIVEAM,160
52808,SIXAM,436
52808,SEVENAM,1175
52808,EIGHTAM,1932
52808,NINEAM,1254
52808,TENAM,1084
52808,ELEVENAM,1088
52808,NOON,1053
52808,ONEPM,1014
52808,TWOPM,1073
52808,THREEPM,1430
52808,FOURPM,1540
52808,FIVEPM,1740
52808,SIXPM,1308
52808,SEVENPM,842
52808,EIGHTPM,524
52808,NINEPM,345
52808,TENPM,251
52808,ELEVENPM,131
67417,MIDNIGHT,29
67417,ONEAM,11
67417,TWOAM,9
67417,THREEAM,9
67417,FOURAM,33
67417,FIVEAM,172
67417,SIXAM,466
67417,SEVENAM,1258
67417,EIGHTAM,2069
67417,NINEAM,1343
67417,TENAM,1161
67417,ELEVENAM,1165
67417,NOON,1127
67417,ONEPM,1086
67417,TWOPM,1149
67417,THREEPM,1531
67417,FOURPM,1650
67417,FIVEPM,1864
67417,SIXPM,1400
67417,SEVENPM,902
67417,EIGHTPM,561
67417,NINEPM,370
67417,TENPM,269
67417,ELEVENPM,140
52807,MIDNIGHT,21
52807,ONEAM,8
52807,TWOAM,7
52807,THREEAM,7
52807,FOURAM,24
52807,FIVEAM,127
52807,SIXAM,345
52807,SEVENAM,930
52807,EIGHTAM,1530
52807,NINEAM,993
52807,TENAM,859
52807,ELEVENAM,861
52807,NOON,834
52807,ONEPM,803
52807,TWOPM,850
52807,THREEPM,1132
52807,FOURPM,1220
52807,FIVEPM,1378
52807,SIXPM,1036
52807,SEVENPM,667
52807,EIGHTPM,415
52807,NINEPM,273
52807,TENPM,199
52807,ELEVENPM,103
59068,MIDNIGHT,16
59068,ONEAM,6
59068,TWOAM,5
59068,THREEAM,5
59068,FOURAM,18
59068,FIVEAM,94
59068,SIXAM,255
59068,SEVENAM,687
59068,EIGHTAM,1131
59068,NINEAM,734
59068,TENAM,634
59068,ELEVENAM,636
59068,NOON,616
59068,ONEPM,593
59068,TWOPM,628
59068,THREEPM,836
59068,FOURPM,901
59068,FIVEPM,1018
59068,SIXPM,765
59068,SEVENPM,493
59068,EIGHTPM,307
59068,NINEPM,202
59068,TENPM,147
59068,ELEVENPM,76
52723,MIDNIGHT,11
52723,ONEAM,4
52723,TWOAM,3
52723,THREEAM,3
52723,FOURAM,13
52723,FIVEAM,67
52723,SIXAM,183
52723,SEVENAM,494
52723,EIGHTAM,812
52723,NINEAM,527
52723,TENAM,456
52723,ELEVENAM,457
52723,NOON,443
52723,ONEPM,426
52723,TWOPM,451
52723,THREEPM,601
52723,FOURPM,648
52723,FIVEPM,732
52723,SIXPM,550
52723,SEVENPM,354
52723,EIGHTPM,220
52723,NINEPM,145
52723,TENPM,105
52723,ELEVENPM,55
69415,MIDNIGHT,43
69415,ONEAM,17
69415,TWOAM,14
69415,THREEAM,14
69415,FOURAM,48
69415,FIVEAM,249
69415,SIXAM,676
69415,SEVENAM,1823
69415,EIGHTAM,2998
69415,NINEAM,1946
69415,TENAM,1682
69415,ELEVENAM,1688
69415,NOON,1634
69415,ONEPM,1573
69415,TWOPM,1665
69415,THREEPM,2218
69415,FOURPM,2390
69415,FIVEPM,2700
69415,SIXPM,2029
69415,SEVENPM,1307
69415,EIGHTPM,814
69415,NINEPM,536
69415,TENPM,389
69415,ELEVENPM,203
67729,MIDNIGHT,24
67729,ONEAM,9
67729,TWOAM,8
67729,THREEAM,8
67729,FOURAM,27
67729,FIVEAM,140
67729,SIXAM,380
67729,SEVENAM,1025
67729,EIGHTAM,1686
67729,NINEAM,1094
67729,TENAM,946
67729,ELEVENAM,949
67729,NOON,918
67729,ONEPM,884
67729,TWOPM,936
67729,THREEPM,1247
67729,FOURPM,1344
67729,FIVEPM,1518
67729,SIXPM,1141
67729,SEVENPM,735
67729,EIGHTPM,457
67729,NINEPM,301
67729,TENPM,219
67729,ELEVENPM,114
78867,MIDNIGHT,57
78867,ONEAM,23
78867,TWOAM,19
78867,THREEAM,19
78867,FOURAM,65
78867,FIVEAM,333
78867,SIXAM,905
78867,SEVENAM,2441
78867,EIGHTAM,4015
78867,NINEAM,2606
78867,TENAM,2253
78867,ELEVENAM,2260
78867,NOON,2188
78867,ONEPM,2107
78867,TWOPM,2230
78867,THREEPM,2971
78867,FOURPM,3201
78867,FIVEPM,3616
78867,SIXPM,2717
78867,SEVENPM,1750
78867,EIGHTPM,1090
78867,NINEPM,717
78867,TENPM,522
78867,ELEVENPM,272
63440,MIDNIGHT,19
63440,ONEAM,7
63440,TWOAM,6
63440,THREEAM,6
63440,FOURAM,21
63440,FIVEAM,111
63440,SIXAM,302
63440,SEVENAM,813
63440,EIGHTAM,1338
63440,NINEAM,868
63440,TENAM,751
63440,ELEVENAM,753
63440,NOON,729
63440,ONEPM,702
63440,TWOPM,743
63440,THREEPM,990
63440,FOURPM,1067
63440,FIVEPM,1205
63440,SIXPM,906
63440,SEVENPM,583
63440,EIGHTPM,363
63440,NINEPM,239
63440,TENPM,174
63440,ELEVENPM,90
58967,MIDNIGHT,51
58967,ONEAM,20
58967,TWOAM,17
58967,THREEAM,17
58967,FOURAM,58
58967,FIVEAM,299
58967,SIXAM,812
58967,SEVENAM,2189
58967,EIGHTAM,3601
58967,NINEAM,2337
58967,TENAM,2021
58967,ELEVENAM,2027
58967,NOON,1962
58967,ONEPM,1890
58967,TWOPM,2000
58967,THREEPM,2664
58967,FOURPM,2871
58967,FIVEPM,3243
58967,SIXPM,2437
58967,SEVENPM,1570
58967,EIGHTPM,977
58967,NINEPM,643
58967,TENPM,468
58967,ELEVENPM,244
71429,MIDNIGHT,8
71429,ONEAM,3
71429,TWOAM,2
71429,THREEAM,2
71429,FOURAM,9
71429,FIVEAM,51
71429,SIXAM,138
71429,SEVENAM,373
71429,EIGHTAM,614
71429,NINEAM,398
71429,TENAM,344
71429,ELEVENAM,345
71429,NOON,334
71429,ONEPM,322
71429,TWOPM,341
71429,THREEPM,454
71429,FOURPM,489
71429,FIVEPM,553
71429,SIXPM,415
71429,SEVENPM,267
71429,EIGHTPM,166
71429,NINEPM,109
71429,TENPM,79
71429,ELEVENPM,41
53203,MIDNIGHT,7
53203,ONEAM,3
53203,TWOAM,2
53203,THREEAM,2
53203,FOURAM,8
53203,FIVEAM,45
53203,SIXAM,124
53203,SEVENAM,335
53203,EIGHTAM,552
53203,NINEAM,358
53203,TENAM,310
53203,ELEVENAM,311
53203,NOON,301
53203,ONEPM,290
53203,TWOPM,306
53203,THREEPM,408
53203,FOURPM,440
53203,FIVEPM,497
53203,SIXPM,374
53203,SEVENPM,240
53203,EIGHTPM,150
53203,NINEPM,98
53203,TENPM,71
53203,ELEVENPM,37
67730,MIDNIGHT,14
67730,ONEAM,5
67730,TWOAM,4
67730,THREEAM,4
67730,FOURAM,16
67730,FIVEAM,83
67730,SIXAM,226
67730,SEVENAM,611
67730,EIGHTAM,1006
67730,NINEAM,653
67730,TENAM,564
67730,ELEVENAM,566
67730,NOON,548
67730,ONEPM,528
67730,TWOPM,558
67730,THREEPM,744
67730,FOURPM,802
67730,FIVEPM,906
67730,SIXPM,680
67730,SEVENPM,438
67730,EIGHTPM,273
67730,NINEPM,179
67730,TENPM,130
67730,ELEVENPM,68
71094,MIDNIGHT,65
71094,ONEAM,26
71094,TWOAM,21
71094,THREEAM,21
71094,FOURAM,74
71094,FIVEAM,378
71094,SIXAM,1027
71094,SEVENAM,2770
71094,EIGHTAM,4556
71094,NINEAM,2957
71094,TENAM,2556
71094,ELEVENAM,2565
71094,NOON,2482
71094,ONEPM,2391
71094,TWOPM,2530
71094,THREEPM,3371
71094,FOURPM,3632
71094,FIVEPM,4103
71094,SIXPM,3083
71094,SEVENPM,1986
71094,EIGHTPM,1237
71094,NINEPM,814
71094,TENPM,592
71094,ELEVENPM,309
73222,MIDNIGHT,39
73222,ONEAM,15
73222,TWOAM,13
73222,THREEAM,13
73222,FOURAM,45
73222,FIVEAM,231
73222,SIXAM,626
73222,SEVENAM,1689
73222,EIGHTAM,2778
73222,NINEAM,1803
73222,TENAM,1559
73222,ELEVENAM,1564
73222,NOON,1513
73222,ONEPM,1458
73222,TWOPM,1543
73222,THREEPM,2055
73222,FOURPM,2215
73222,FIVEPM,2501
73222,SIXPM,1880
73222,SEVENPM,1211
73222,EIGHTPM,754
73222,NINEPM,496
73222,TENPM,361
73222,ELEVENPM,188
73221,MIDNIGHT,30
73221,ONEAM,12
73221,TWOAM,10
73221,THREEAM,10
73221,FOURAM,34
73221,FIVEAM,178
73221,SIXAM,483
73221,SEVENAM,1303
73221,EIGHTAM,2144
73221,NINEAM,1392
73221,TENAM,1203
73221,ELEVENAM,1207
73221,NOON,1168
73221,ONEPM,1125
73221,TWOPM,1191
73221,THREEPM,1586
73221,FOURPM,1709
73221,FIVEPM,1931
73221,SIXPM,1451
73221,SEVENPM,934
73221,EIGHTPM,582
73221,NINEPM,383
73221,TENPM,278
73221,ELEVENPM,145
50858,MIDNIGHT,54
50858,ONEAM,21
50858,TWOAM,18
50858,THREEAM,18
50858,FOURAM,61
50858,FIVEAM,315
50858,SIXAM,856
50858,SEVENAM,2308
50858,EIGHTAM,3795
50858,NINEAM,2464
50858,TENAM,2130
50858,ELEVENAM,2137
50858,NOON,2068
50858,ONEPM,1992
50858,TWOPM,2108
50858,THREEPM,2808
50858,FOURPM,3026
50858,FIVEPM,3418
50858,SIXPM,2569
50858,SEVENPM,1654
50858,EIGHTPM,1030
50858,NINEPM,678
50858,TENPM,493
50858,ELEVENPM,257
52722,MIDNIGHT,13
52722,ONEAM,5
52722,TWOAM,4
52722,THREEAM,4
52722,FOURAM,14
52722,FIVEAM,75
52722,SIXAM,205
52722,SEVENAM,552
52722,EIGHTAM,908
52722,NINEAM,589
52722,TENAM,510
52722,ELEVENAM,511
52722,NOON,495
52722,ONEPM,477
52722,TWOPM,504
52722,THREEPM,672
52722,FOURPM,724
52722,FIVEPM,818
52722,SIXPM,615
52722,SEVENPM,396
52722,EIGHTPM,246
52722,NINEPM,162
52722,TENPM,118
52722,ELEVENPM,61
69114,MIDNIGHT,23
69114,ONEAM,9
69114,TWOAM,7
69114,THREEAM,7
69114,FOURAM,27
69114,FIVEAM,138
69114,SIXAM,376
69114,SEVENAM,1014
69114,EIGHTAM,1669
69114,NINEAM,1083
69114,TENAM,936
69114,ELEVENAM,939
69114,NOON,909
69114,ONEPM,876
69114,TWOPM,927
69114,THREEPM,1235
69114,FOURPM,1330
69114,FIVEPM,1503
69114,SIXPM,1129
69114,SEVENPM,727
69114,EIGHTPM,453
69114,NINEPM,298
69114,TENPM,217
69114,ELEVENPM,113
67204,MIDNIGHT,13
67204,ONEAM,5
67204,TWOAM,4
67204,THREEAM,4
67204,FOURAM,15
67204,FIVEAM,78
67204,SIXAM,211
67204,SEVENAM,571
67204,EIGHTAM,939
67204,NINEAM,609
67204,TENAM,527
67204,ELEVENAM,528
67204,NOON,511
67204,ONEPM,492
67204,TWOPM,521
67204,THREEPM,694
67204,FOURPM,748
67204,FIVEPM,845
67204,SIXPM,635
67204,SEVENPM,409
67204,EIGHTPM,254
67204,NINEPM,167
67204,TENPM,122
67204,ELEVENPM,63
59067,MIDNIGHT,16
59067,ONEAM,6
59067,TWOAM,5
59067,THREEAM,5
59067,FOURAM,18
59067,FIVEAM,93
59067,SIXAM,254
59067,SEVENAM,686
59067,EIGHTAM,1128
59067,NINEAM,732
59067,TENAM,633
59067,ELEVENAM,635
59067,NOON,615
59067,ONEPM,592
59067,TWOPM,626
59067,THREEPM,835
59067,FOURPM,899
59067,FIVEPM,1016
59067,SIXPM,764
59067,SEVENPM,492
59067,EIGHTPM,306
59067,NINEPM,201
59067,TENPM,146
59067,ELEVENPM,76
57036,MIDNIGHT,8
57036,ONEAM,3
57036,TWOAM,2
57036,THREEAM,2
57036,FOURAM,9
57036,FIVEAM,47
57036,SIXAM,129
57036,SEVENAM,349
57036,EIGHTAM,575
57036,NINEAM,373
57036,TENAM,323
57036,ELEVENAM,324
57036,NOON,313
57036,ONEPM,302
57036,TWOPM,319
57036,THREEPM,425
57036,FOURPM,458
57036,FIVEPM,518
57036,SIXPM,389
57036,SEVENPM,250
57036,EIGHTPM,156
57036,NINEPM,102
57036,TENPM,74
57036,ELEVENPM,39
65040,MIDNIGHT,8
65040,ONEAM,3
65040,TWOAM,2
65040,THREEAM,2
65040,FOURAM,10
65040,FIVEAM,51
65040,SIXAM,138
65040,SEVENAM,374
65040,EIGHTAM,615
65040,NINEAM,399
65040,TENAM,345
65040,ELEVENAM,346
65040,NOON,335
65040,ONEPM,323
65040,TWOPM,342
65040,THREEPM,455
65040,FOURPM,491
65040,FIVEPM,554
65040,SIXPM,416
65040,SEVENPM,268
65040,EIGHTPM,167
65040,NINEPM,110
65040,TENPM,80
65040,ELEVENPM,41
77731,MIDNIGHT,39
77731,ONEAM,15
77731,TWOAM,13
77731,THREEAM,13
77731,FOURAM,44
77731,FIVEAM,230
77731,SIXAM,624
77731,SEVENAM,1682
77731,EIGHTAM,2767
77731,NINEAM,1796
77731,TENAM,1553
77731,ELEVENAM,1558
77731,NOON,1508
77731,ONEPM,1452
77731,TWOPM,1537
77731,THREEPM,2047
77731,FOURPM,2206
77731,FIVEPM,2492
77731,SIXPM,1873
77731,SEVENPM,1206
77731,EIGHTPM,751
77731,NINEPM,494
77731,TENPM,359
77731,ELEVENPM,187
72070,MIDNIGHT,10
72070,ONEAM,4
72070,TWOAM,3
72070,THREEAM,3
72070,FOURAM,12
72070,FIVEAM,63
72070,SIXAM,171
72070,SEVENAM,462
72070,EIGHTAM,760
72070,NINEAM,493
72070,TENAM,426
72070,ELEVENAM,428
72070,NOON,414
72070,ONEPM,399
72070,TWOPM,422
72070,THREEPM,562
72070,FOURPM,606
72070,FIVEPM,684
72070,SIXPM,514
72070,SEVENPM,331
72070,EIGHTPM,206
72070,NINEPM,135
72070,TENPM,98
72070,ELEVENPM,51
65041,MIDNIGHT,8
65041,ONEAM,3
65041,TWOAM,2
65041,THREEAM,2
65041,FOURAM,9
65041,FIVEAM,47
65041,SIXAM,127
65041,SEVENAM,344
65041,EIGHTAM,566
65041,NINEAM,367
65041,TENAM,318
65041,ELEVENAM,319
65041,NOON,308
65041,ONEPM,297
65041,TWOPM,314
65041,THREEPM,419
65041,FOURPM,451
65041,FIVEPM,510
65041,SIXPM,383
65041,SEVENPM,247
65041,EIGHTPM,153
65041,NINEPM,101
65041,TENPM,73
65041,ELEVENPM,38
69713,MIDNIGHT,53
69713,ONEAM,21
69713,TWOAM,17
69713,THREEAM,17
69713,FOURAM,61
69713,FIVEAM,312
69713,SIXAM,847
69713,SEVENAM,2283
69713,EIGHTAM,3754
69713,NINEAM,2437
69713,TENAM,2107
69713,ELEVENAM,2114
69713,NOON,2046
69713,ONEPM,1970
69713,TWOPM,2085
69713,THREEPM,2778
69713,FOURPM,2993
69713,FIVEPM,3381
69713,SIXPM,2541
69713,SEVENPM,1636
69713,EIGHTPM,1019
69713,NINEPM,671
69713,TENPM,488
69713,ELEVENPM,254
53957,MIDNIGHT,12
53957,ONEAM,5
53957,TWOAM,4
53957,THREEAM,4
53957,FOURAM,14
53957,FIVEAM,73
53957,SIXAM,199
53957,SEVENAM,536
53957,EIGHTAM,882
53957,NINEAM,572
53957,TENAM,495
53957,ELEVENAM,496
53957,NOON,480
53957,ONEPM,463
53957,TWOPM,490
53957,THREEPM,652
53957,FOURPM,703
53957,FIVEPM,794
53957,SIXPM,597
53957,SEVENPM,384
53957,EIGHTPM,239
53957,NINEPM,157
53957,TENPM,114
53957,ELEVENPM,59
55563,MIDNIGHT,9
55563,ONEAM,3
55563,TWOAM,3
55563,THREEAM,3
55563,FOURAM,10
55563,FIVEAM,54
55563,SIXAM,148
55563,SEVENAM,400
55563,EIGHTAM,659
55563,NINEAM,427
55563,TENAM,369
55563,ELEVENAM,371
55563,NOON,359
55563,ONEPM,346
55563,TWOPM,366
55563,THREEPM,487
55563,FOURPM,525
55563,FIVEPM,593
55563,SIXPM,446
55563,SEVENPM,287
55563,EIGHTPM,179
55563,NINEPM,117
55563,TENPM,85
55563,ELEVENPM,44
62610,MIDNIGHT,25
62610,ONEAM,10
62610,TWOAM,8
62610,THREEAM,8
62610,FOURAM,28
62610,FIVEAM,147
62610,SIXAM,399
62610,SEVENAM,1075
62610,EIGHTAM,1769
62610,NINEAM,1148
62610,TENAM,992
62610,ELEVENAM,996
62610,NOON,964
62610,ONEPM,928
62610,TWOPM,982
62610,THREEPM,1309
62610,FOURPM,1410
62610,FIVEPM,1593
62610,SIXPM,1197
62610,SEVENPM,771
62610,EIGHTPM,480
62610,NINEPM,316
62610,TENPM,230
62610,ELEVENPM,120
62609,MIDNIGHT,25
62609,ONEAM,10
62609,TWOAM,8
62609,THREEAM,8
62609,FOURAM,29
62609,FIVEAM,148
62609,SIXAM,403
62609,SEVENAM,1086
62609,EIGHTAM,1787
62609,NINEAM,1160
62609,TENAM,1002
62609,ELEVENAM,1006
62609,NOON,973
62609,ONEPM,938
62609,TWOPM,992
62609,THREEPM,1322
62609,FOURPM,1424
62609,FIVEPM,1609
62609,SIXPM,1209
62609,SEVENPM,779
62609,EIGHTPM,485
62609,NINEPM,319
62609,TENPM,232
62609,ELEVENPM,121
76766,MIDNIGHT,20
76766,ONEAM,8
76766,TWOAM,6
76766,THREEAM,6
76766,FOURAM,23
76766,FIVEAM,118
76766,SIXAM,321
76766,SEVENAM,866
76766,EIGHTAM,1424
76766,NINEAM,924
76766,TENAM,799
76766,ELEVENAM,802
76766,NOON,776
76766,ONEPM,747
76766,TWOPM,791
76766,THREEPM,1053
76766,FOURPM,1135
76766,FIVEPM,1282
76766,SIXPM,964
76766,SEVENPM,620
76766,EIGHTPM,386
76766,NINEPM,254
76766,TENPM,185
76766,ELEVENPM,96
64523,MIDNIGHT,21
64523,ONEAM,8
64523,TWOAM,7
64523,THREEAM,7
64523,FOURAM,24
64523,FIVEAM,124
64523,SIXAM,338
64523,SEVENAM,911
64523,EIGHTAM,1499
64523,NINEAM,973
64523,TENAM,841
64523,ELEVENAM,844
64523,NOON,816
64523,ONEPM,786
64523,TWOPM,832
64523,THREEPM,1109
64523,FOURPM,1195
64523,FIVEPM,1349
64523,SIXPM,1014
64523,SEVENPM,653
64523,EIGHTPM,407
64523,NINEPM,267
64523,TENPM,194
64523,ELEVENPM,101
50859,MIDNIGHT,61
50859,ONEAM,24
50859,TWOAM,20
50859,THREEAM,20
50859,FOURAM,69
50859,FIVEAM,355
50859,SIXAM,965
50859,SEVENAM,2602
50859,EIGHTAM,4279
50859,NINEAM,2778
50859,TENAM,2401
50859,ELEVENAM,2409
50859,NOON,2332
50859,ONEPM,2246
50859,TWOPM,2377
50859,THREEPM,3166
50859,FOURPM,3412
50859,FIVEPM,3854
50859,SIXPM,2896
50859,SEVENPM,1865
50859,EIGHTPM,1161
50859,NINEPM,765
50859,TENPM,556
50859,ELEVENPM,290
69292,MIDNIGHT,1
69292,ONEAM,0
69292,TWOAM,0
69292,THREEAM,0
69292,FOURAM,2
69292,FIVEAM,11
69292,SIXAM,31
69292,SEVENAM,84
69292,EIGHTAM,138
69292,NINEAM,90
69292,TENAM,77
69292,ELEVENAM,78
69292,NOON,75
69292,ONEPM,72
69292,TWOPM,77
69292,THREEPM,102
69292,FOURPM,110
69292,FIVEPM,125
69292,SIXPM,94
69292,SEVENPM,60
69292,EIGHTPM,37
69292,NINEPM,24
69292,TENPM,18
69292,ELEVENPM,9
73198,MIDNIGHT,22
73198,ONEAM,8
73198,TWOAM,7
73198,THREEAM,7
73198,FOURAM,25
73198,FIVEAM,128
73198,SIXAM,347
73198,SEVENAM,937
73198,EIGHTAM,1541
73198,NINEAM,1000
73198,TENAM,865
73198,ELEVENAM,867
73198,NOON,839
73198,ONEPM,809
73198,TWOPM,856
73198,THREEPM,1140
73198,FOURPM,1228
73198,FIVEPM,1388
73198,SIXPM,1043
73198,SEVENPM,671
73198,EIGHTPM,418
73198,NINEPM,275
73198,TENPM,200
73198,ELEVENPM,104
48574,MIDNIGHT,57
48574,ONEAM,22
48574,TWOAM,19
48574,THREEAM,19
48574,FOURAM,64
48574,FIVEAM,331
48574,SIXAM,899
48574,SEVENAM,2423
48574,EIGHTAM,3986
48574,NINEAM,2587
48574,TENAM,2237
48574,ELEVENAM,2244
48574,NOON,2172
48574,ONEPM,2092
48574,TWOPM,2214
48574,THREEPM,2949
48574,FOURPM,3178
48574,FIVEPM,3589
48574,SIXPM,2698
48574,SEVENPM,1737
48574,EIGHTPM,1082
48574,NINEPM,712
48574,TENPM,518
48574,ELEVENPM,270
55564,MIDNIGHT,9
55564,ONEAM,3
55564,TWOAM,3
55564,THREEAM,3
55564,FOURAM,10
55564,FIVEAM,53
55564,SIXAM,144
55564,SEVENAM,389
55564,EIGHTAM,640
55564,NINEAM,416
55564,TENAM,359
55564,ELEVENAM,360
55564,NOON,349
55564,ONEPM,336
55564,TWOPM,355
55564,THREEPM,474
55564,FOURPM,510
55564,FIVEPM,577
55564,SIXPM,433
55564,SEVENPM,279
55564,EIGHTPM,174
55564,NINEPM,114
55564,TENPM,83
55564,ELEVENPM,43
57035,MIDNIGHT,9
57035,ONEAM,3
57035,TWOAM,3
57035,THREEAM,3
57035,FOURAM,11
57035,FIVEAM,57
57035,SIXAM,156
57035,SEVENAM,420
57035,EIGHTAM,692
57035,NINEAM,449
57035,TENAM,388
57035,ELEVENAM,389
57035,NOON,377
57035,ONEPM,363
57035,TWOPM,384
57035,THREEPM,512
57035,FOURPM,551
57035,FIVEPM,623
57035,SIXPM,468
57035,SEVENPM,301
57035,EIGHTPM,187
57035,NINEPM,123
57035,TENPM,90
57035,ELEVENPM,46
47529,MIDNIGHT,10
47529,ONEAM,4
47529,TWOAM,3
47529,THREEAM,3
47529,FOURAM,11
47529,FIVEAM,59
47529,SIXAM,160
47529,SEVENAM,432
47529,EIGHTAM,711
47529,NINEAM,461
47529,TENAM,399
47529,ELEVENAM,400
47529,NOON,387
47529,ONEPM,373
47529,TWOPM,395
47529,THREEPM,526
47529,FOURPM,567
47529,FIVEPM,640
47529,SIXPM,481
47529,SEVENPM,310
47529,EIGHTPM,193
47529,NINEPM,127
47529,TENPM,92
47529,ELEVENPM,48
73199,MIDNIGHT,18
73199,ONEAM,7
73199,TWOAM,6
73199,THREEAM,6
73199,FOURAM,20
73199,FIVEAM,106
73199,SIXAM,289
73199,SEVENAM,780
73199,EIGHTAM,1283
73199,NINEAM,832
73199,TENAM,720
73199,ELEVENAM,722
73199,NOON,699
73199,ONEPM,673
73199,TWOPM,712
73199,THREEPM,949
73199,FOURPM,1022
73199,FIVEPM,1155
73199,SIXPM,868
73199,SEVENPM,559
73199,EIGHTPM,348
73199,NINEPM,229
73199,TENPM,166
73199,ELEVENPM,87
72069,MIDNIGHT,14
72069,ONEAM,5
72069,TWOAM,4
72069,THREEAM,4
72069,FOURAM,16
72069,FIVEAM,84
72069,SIXAM,228
72069,SEVENAM,616
72069,EIGHTAM,1013
72069,NINEAM,657
72069,TENAM,568
72069,ELEVENAM,570
72069,NOON,552
72069,ONEPM,531
72069,TWOPM,562
72069,THREEPM,749
72069,FOURPM,807
72069,FIVEPM,912
72069,SIXPM,685
72069,SEVENPM,441
72069,EIGHTPM,275
72069,NINEPM,181
72069,TENPM,131
72069,ELEVENPM,68
69714,MIDNIGHT,63
69714,ONEAM,25
69714,TWOAM,21
69714,THREEAM,21
69714,FOURAM,72
69714,FIVEAM,370
69714,SIXAM,1004
69714,SEVENAM,2706
69714,EIGHTAM,4451
69714,NINEAM,2889
69714,TENAM,2497
69714,ELEVENAM,2506
69714,NOON,2425
69714,ONEPM,2336
69714,TWOPM,2472
69714,THREEPM,3293
69714,FOURPM,3549
69714,FIVEPM,4008
69714,SIXPM,3012
69714,SEVENPM,1940
69714,EIGHTPM,1208
69714,NINEPM,795
69714,TENPM,578
69714,ELEVENPM,302
63441,MIDNIGHT,28
63441,ONEAM,11
63441,TWOAM,9
63441,THREEAM,9
63441,FOURAM,32
63441,FIVEAM,164
63441,SIXAM,444
63441,SEVENAM,1199
63441,EIGHTAM,1972
63441,NINEAM,1280
63441,TENAM,1106
63441,ELEVENAM,1110
63441,NOON,1074
63441,ONEPM,1035
63441,TWOPM,1095
63441,THREEPM,1459
63441,FOURPM,1572
63441,FIVEPM,1775
63441,SIXPM,1334
63441,SEVENPM,859
63441,EIGHTPM,535
63441,NINEPM,352
63441,TENPM,256
63441,ELEVENPM,133
53958,MIDNIGHT,22
53958,ONEAM,8
53958,TWOAM,7
53958,THREEAM,7
53958,FOURAM,25
53958,FIVEAM,128
53958,SIXAM,347
53958,SEVENAM,936
53958,EIGHTAM,1540
53958,NINEAM,999
53958,TENAM,864
53958,ELEVENAM,867
53958,NOON,839
53958,ONEPM,808
53958,TWOPM,855
53958,THREEPM,1139
53958,FOURPM,1228
53958,FIVEPM,1387
53958,SIXPM,1042
53958,SEVENPM,671
53958,EIGHTPM,418
53958,NINEPM,275
53958,TENPM,200
53958,ELEVENPM,104
60135,MIDNIGHT,54
60135,ONEAM,21
60135,TWOAM,18
60135,THREEAM,18
60135,FOURAM,62
60135,FIVEAM,317
60135,SIXAM,860
60135,SEVENAM,2320
60135,EIGHTAM,3815
60135,NINEAM,2477
60135,TENAM,2141
60135,ELEVENAM,2148
60135,NOON,2079
60135,ONEPM,2002
60135,TWOPM,2119
60135,THREEPM,2823
60135,FOURPM,3042
60135,FIVEPM,3436
60135,SIXPM,2582
60135,SEVENPM,1663
60135,EIGHTPM,1036
60135,NINEPM,682
60135,TENPM,496
60135,ELEVENPM,259
53204,MIDNIGHT,12
53204,ONEAM,4
53204,TWOAM,4
53204,THREEAM,4
53204,FOURAM,13
53204,FIVEAM,70
53204,SIXAM,191
53204,SEVENAM,515
53204,EIGHTAM,847
53204,NINEAM,550
53204,TENAM,475
53204,ELEVENAM,477
53204,NOON,461
53204,ONEPM,444
53204,TWOPM,470
53204,THREEPM,627
53204,FOURPM,675
53204,FIVEPM,763
53204,SIXPM,573
53204,SEVENPM,369
53204,EIGHTPM,230
53204,NINEPM,151
53204,TENPM,110
53204,ELEVENPM,57
64129,MIDNIGHT,21
64129,ONEAM,8
64129,TWOAM,7
64129,THREEAM,7
64129,FOURAM,24
64129,FIVEAM,124
64129,SIXAM,338
64129,SEVENAM,912
64129,EIGHTAM,1500
64129,NINEAM,973
64129,TENAM,841
64129,ELEVENAM,844
64129,NOON,817
64129,ONEPM,787
64129,TWOPM,833
64129,THREEPM,1109
64129,FOURPM,1196
64129,FIVEPM,1350
64129,SIXPM,1015
64129,SEVENPM,653
64129,EIGHTPM,407
64129,NINEPM,268
64129,TENPM,195
64129,ELEVENPM,101
67203,MIDNIGHT,17
67203,ONEAM,7
67203,TWOAM,5
67203,THREEAM,5
67203,FOURAM,20
67203,FIVEAM,104
67203,SIXAM,282
67203,SEVENAM,760
67203,EIGHTAM,1251
67203,NINEAM,812
67203,TENAM,702
67203,ELEVENAM,704
67203,NOON,681
67203,ONEPM,656
67203,TWOPM,694
67203,THREEPM,925
67203,FOURPM,997
67203,FIVEPM,1126
67203,SIXPM,846
67203,SEVENPM,545
67203,EIGHTPM,339
67203,NINEPM,223
67203,TENPM,162
67203,ELEVENPM,84
60575,MIDNIGHT,6
60575,ONEAM,2
60575,TWOAM,2
60575,THREEAM,2
60575,FOURAM,7
60575,FIVEAM,35
60575,SIXAM,97
60575,SEVENAM,262
60575,EIGHTAM,432
60575,NINEAM,280
60575,TENAM,242
60575,ELEVENAM,243
60575,NOON,235
60575,ONEPM,226
60575,TWOPM,240
60575,THREEPM,319
60575,FOURPM,344
60575,FIVEPM,389
60575,SIXPM,292
60575,SEVENPM,188
60575,EIGHTPM,117
60575,NINEPM,77
60575,TENPM,56
60575,ELEVENPM,29
69113,MIDNIGHT,27
69113,ONEAM,10
69113,TWOAM,9
69113,THREEAM,9
69113,FOURAM,30
69113,FIVEAM,157
69113,SIXAM,428
69113,SEVENAM,1154
69113,EIGHTAM,1899
69113,NINEAM,1232
69113,TENAM,1065
69113,ELEVENAM,1069
69113,NOON,1034
69113,ONEPM,996
69113,TWOPM,1054
69113,THREEPM,1405
69113,FOURPM,1514
69113,FIVEPM,1710
69113,SIXPM,1285
69113,SEVENPM,827
69113,EIGHTPM,515
69113,NINEPM,339
69113,TENPM,246
69113,ELEVENPM,128
77730,MIDNIGHT,34
77730,ONEAM,13
77730,TWOAM,11
77730,THREEAM,11
77730,FOURAM,38
77730,FIVEAM,198
77730,SIXAM,538
77730,SEVENAM,1451
77730,EIGHTAM,2387
77730,NINEAM,1549
77730,TENAM,1339
77730,ELEVENAM,1344
77730,NOON,1301
77730,ONEPM,1253
77730,TWOPM,1326
77730,THREEPM,1766
77730,FOURPM,1903
77730,FIVEPM,2150
77730,SIXPM,1616
77730,SEVENPM,1040
77730,EIGHTPM,648
77730,NINEPM,426
77730,TENPM,310
77730,ELEVENPM,162
